{"cameraMode":{"drawMode":0,"name":"Shaded","section":"Shading Mode"},"sceneLighting":true,"audioPlay":false,"sceneViewState":{"showFog":true,"showMaterialUpdate":false,"showSkybox":true,"showFlares":true,"showImageEffects":true,"showParticleSystems":true},"in2DMode":false,"pivot":{"x":-5.144842147827148,"y":-1.496833324432373,"z":-6.454384803771973},"rotation":{"x":0.10684555768966675,"y":0.8185300827026367,"z":-0.16171875596046449,"w":0.540776789188385},"size":21.010000228881837,"orthographic":false}